{
    "n_dim": null, 
    "regression_method": "enet", 
    "n_internal_units": 172, 
    "n_drop": 100, 
    "noise_level": 0.05583505419057139, 
    "teacher_shift": 0.0, 
    "input_scaling": 0.9, 
    "input_shift": 0.0, 
    "embedding": "identity", 
    "connectivity": 0.25, 
    "embedding_parameters": null, 
    "teacher_scaling": 0.7588670658895377, 
    "regression_parameters": [
        0.008749027851201229, 
        0.8558053963843879
    ], 
    "spectral_radius": 0.5821681845506491, 
    "feedback_scaling": 0.043481269554374063
}