{
    "n_dim": null, 
    "regression_method": "ridge", 
    "n_internal_units": 346, 
    "n_drop": 100, 
    "noise_level": 0.007116894516701999, 
    "teacher_shift": 0.0, 
    "input_scaling": 0.6939969947824001, 
    "input_shift": 0.0, 
    "embedding": "identity", 
    "connectivity": 0.25, 
    "embedding_parameters": null, 
    "teacher_scaling": 0.1754652164360147, 
    "regression_parameters": 0.08316317832507056, 
    "spectral_radius": 0.8939854950948077, 
    "feedback_scaling": 0.33433528327604833
}