{
    "n_dim": null, 
    "regression_method": "enet", 
    "n_internal_units": 125, 
    "n_drop": 100, 
    "noise_level": 0.08177361305074918, 
    "teacher_shift": 0.0, 
    "input_scaling": 0.8094503983049376, 
    "input_shift": 0.0, 
    "embedding": "identity", 
    "connectivity": 0.25, 
    "embedding_parameters": null, 
    "teacher_scaling": 0.6145604166249415, 
    "regression_parameters": [
        0.022816092222107173, 
        0.1637012445165407
    ], 
    "spectral_radius": 0.7283105501781773, 
    "feedback_scaling": 0.3835824116822674
}