{
    "n_dim": null, 
    "regression_method": "enet", 
    "n_internal_units": 491, 
    "n_drop": 100, 
    "noise_level": 0.006136770919541368, 
    "teacher_shift": 0.0, 
    "input_scaling": 0.739395743081447, 
    "input_shift": 0.0, 
    "embedding": "identity", 
    "connectivity": 0.25, 
    "embedding_parameters": null, 
    "teacher_scaling": 0.51609824616814, 
    "regression_parameters": [
        0.001, 
        0.001
    ], 
    "spectral_radius": 0.6759032493915991, 
    "feedback_scaling": 0.06318733156414026
}