{
    "n_dim": null, 
    "regression_method": "enet", 
    "n_internal_units": 115, 
    "n_drop": 100, 
    "noise_level": 0.0948003361282437, 
    "teacher_shift": 0.0, 
    "input_scaling": 0.8000792674581106, 
    "input_shift": 0.0, 
    "embedding": "identity", 
    "connectivity": 0.25, 
    "embedding_parameters": null, 
    "teacher_scaling": 0.6187301823036833, 
    "regression_parameters": [
        0.001, 
        0.13931489490303497
    ], 
    "spectral_radius": 1.2685904665759156, 
    "feedback_scaling": 0.26424480581432114
}