{
    "n_dim": null, 
    "regression_method": "lasso", 
    "n_internal_units": 151, 
    "n_drop": 100, 
    "noise_level": 0.07363176083013713, 
    "teacher_shift": 0.0, 
    "input_scaling": 0.882275768508686, 
    "input_shift": 0.0, 
    "embedding": "identity", 
    "connectivity": 0.25, 
    "embedding_parameters": null, 
    "teacher_scaling": 0.8967211471533368, 
    "regression_parameters": 0.001, 
    "spectral_radius": 0.5523568171788257, 
    "feedback_scaling": 0.278969936895176
}