{
    "n_dim": null, 
    "regression_method": "enet", 
    "n_internal_units": 230, 
    "n_drop": 100, 
    "noise_level": 0.03460617570232302, 
    "teacher_shift": 0.0, 
    "input_scaling": 0.8970666674390184, 
    "input_shift": 0.0, 
    "embedding": "identity", 
    "connectivity": 0.25, 
    "embedding_parameters": null, 
    "teacher_scaling": 0.5420090701810206, 
    "regression_parameters": [
        0.001, 
        0.38082029953198065
    ], 
    "spectral_radius": 0.7854051593984331, 
    "feedback_scaling": 0.34015802921477384
}