{
    "n_dim": null, 
    "regression_method": "enet", 
    "n_internal_units": 100, 
    "n_drop": 100, 
    "noise_level": 0.073534770329733, 
    "teacher_shift": 0.0, 
    "input_scaling": 0.8746711275038831, 
    "input_shift": 0.0, 
    "embedding": "identity", 
    "connectivity": 0.25, 
    "embedding_parameters": null, 
    "teacher_scaling": 0.5631759698479804, 
    "regression_parameters": [
        0.001, 
        0.08003343167477295
    ], 
    "spectral_radius": 1.1978064003498994, 
    "feedback_scaling": 0.043395977261638664
}