{
    "n_dim": null, 
    "regression_method": "enet", 
    "n_internal_units": 214, 
    "n_drop": 100, 
    "noise_level": 0.03858136198947784, 
    "teacher_shift": 0.0, 
    "input_scaling": 0.8444322685033385, 
    "input_shift": 0.0, 
    "embedding": "identity", 
    "connectivity": 0.25, 
    "embedding_parameters": null, 
    "teacher_scaling": 0.4863194281151898, 
    "regression_parameters": [
        0.02730382063176165, 
        0.33512269468771805
    ], 
    "spectral_radius": 1.0293378946019414, 
    "feedback_scaling": 0.1668678433280599
}