{
    "n_dim": 183, 
    "regression_method": "nusvr", 
    "n_internal_units": 330, 
    "n_drop": 100, 
    "noise_level": 0.06525880796207478, 
    "teacher_shift": 0.0, 
    "input_scaling": 0.39088944237676626, 
    "input_shift": 0.0, 
    "embedding": "kpca", 
    "connectivity": 0.25, 
    "embedding_parameters": 0.06215014656450463, 
    "teacher_scaling": 0.39546928865518793, 
    "regression_parameters": [
        0.1325436469136546, 
        0.27973117122044033, 
        0.22031553934824552
    ], 
    "spectral_radius": 1.2778607567915186, 
    "feedback_scaling": 0.3825146830419816
}