{
    "n_dim": null, 
    "regression_method": "enet", 
    "n_internal_units": 431, 
    "n_drop": 100, 
    "noise_level": 0.06235829118730059, 
    "teacher_shift": 0.0, 
    "input_scaling": 0.7354530108208239, 
    "input_shift": 0.0, 
    "embedding": "identity", 
    "connectivity": 0.25, 
    "embedding_parameters": null, 
    "teacher_scaling": 0.21022346313293863, 
    "regression_parameters": [
        0.024684700597072434, 
        0.001
    ], 
    "spectral_radius": 0.5, 
    "feedback_scaling": 0.0926858185679571
}