{
    "n_dim": 231, 
    "regression_method": "enet", 
    "n_internal_units": 446, 
    "n_drop": 100, 
    "noise_level": 0.08588933924049841, 
    "teacher_shift": 0.0, 
    "input_scaling": 0.9, 
    "input_shift": 0.0, 
    "embedding": "kpca", 
    "connectivity": 0.25, 
    "embedding_parameters": 0.08554221803628592, 
    "teacher_scaling": 0.41258519737646243, 
    "regression_parameters": [
        0.004887543036312891, 
        0.9395266218411739
    ], 
    "spectral_radius": 0.5496404242027013, 
    "feedback_scaling": 0.424909270485519
}