{
    "n_dim": null, 
    "regression_method": "enet", 
    "n_internal_units": 282, 
    "n_drop": 100, 
    "noise_level": 0.008728433688038518, 
    "teacher_shift": 0.0, 
    "input_scaling": 0.28485784996755403, 
    "input_shift": 0.0, 
    "embedding": "identity", 
    "connectivity": 0.25, 
    "embedding_parameters": null, 
    "teacher_scaling": 0.793645033107798, 
    "regression_parameters": [
        0.03474531849682868, 
        0.07354867145897628
    ], 
    "spectral_radius": 0.7749851492680793, 
    "feedback_scaling": 0.06905780536589448
}