{
    "n_dim": null, 
    "regression_method": "enet", 
    "n_internal_units": 150, 
    "n_drop": 100, 
    "noise_level": 0.09484362719320329, 
    "teacher_shift": 0.0, 
    "input_scaling": 0.8851854124865363, 
    "input_shift": 0.0, 
    "embedding": "identity", 
    "connectivity": 0.25, 
    "embedding_parameters": null, 
    "teacher_scaling": 0.6517411202486678, 
    "regression_parameters": [
        0.0018203513011772472, 
        0.22998643644004205
    ], 
    "spectral_radius": 0.5375682920617187, 
    "feedback_scaling": 0.37742301739092105
}