{
    "n_dim": null, 
    "regression_method": "enet", 
    "n_internal_units": 315, 
    "n_drop": 100, 
    "noise_level": 0.004335229132466823, 
    "teacher_shift": 0.0, 
    "input_scaling": 0.7369675540873767, 
    "input_shift": 0.0, 
    "embedding": "identity", 
    "connectivity": 0.25, 
    "embedding_parameters": null, 
    "teacher_scaling": 0.5548934691504347, 
    "regression_parameters": [
        0.0769722334333846, 
        0.11982979603852377
    ], 
    "spectral_radius": 0.7119677948596856, 
    "feedback_scaling": 0.5794206732182328
}