{
    "n_dim": null, 
    "regression_method": "enet", 
    "n_internal_units": 438, 
    "n_drop": 100, 
    "noise_level": 0.004557272827214231, 
    "teacher_shift": 0.0, 
    "input_scaling": 0.47085438957922887, 
    "input_shift": 0.0, 
    "embedding": "identity", 
    "connectivity": 0.25, 
    "embedding_parameters": null, 
    "teacher_scaling": 0.8970724649713439, 
    "regression_parameters": [
        0.7399424798247034, 
        0.08714537223330499
    ], 
    "spectral_radius": 0.6451773494728891, 
    "feedback_scaling": 0.0289168004800058
}