{
    "n_dim": null, 
    "regression_method": "enet", 
    "n_internal_units": 487, 
    "n_drop": 100, 
    "noise_level": 0.07541650283712092, 
    "teacher_shift": 0.0, 
    "input_scaling": 0.16255551825325848, 
    "input_shift": 0.0, 
    "embedding": "identity", 
    "connectivity": 0.25, 
    "embedding_parameters": null, 
    "teacher_scaling": 0.45597170698686673, 
    "regression_parameters": [
        0.020395795700052732, 
        0.1297578315204478
    ], 
    "spectral_radius": 1.0163646814498093, 
    "feedback_scaling": 0.018936856044716732
}