{
    "n_dim": null, 
    "regression_method": "enet", 
    "n_internal_units": 447, 
    "n_drop": 100, 
    "noise_level": 0.07668995644476749, 
    "teacher_shift": 0.0, 
    "input_scaling": 0.33127926602949004, 
    "input_shift": 0.0, 
    "embedding": "identity", 
    "connectivity": 0.25, 
    "embedding_parameters": null, 
    "teacher_scaling": 0.8546470329537235, 
    "regression_parameters": [
        0.7924662455982385, 
        0.001
    ], 
    "spectral_radius": 0.6185338904951538, 
    "feedback_scaling": 0.4315482915699891
}