{
    "n_dim": null, 
    "regression_method": "enet", 
    "n_internal_units": 318, 
    "n_drop": 100, 
    "noise_level": 0.06770386026451884, 
    "teacher_shift": 0.0, 
    "input_scaling": 0.42328273245236037, 
    "input_shift": 0.0, 
    "embedding": "identity", 
    "connectivity": 0.25, 
    "embedding_parameters": null, 
    "teacher_scaling": 0.3153794915109682, 
    "regression_parameters": [
        0.19954722221724014, 
        0.3198195515625097
    ], 
    "spectral_radius": 1.0915768344554473, 
    "feedback_scaling": 0.12505357468253392
}