{
    "n_dim": null, 
    "regression_method": "enet", 
    "n_internal_units": 380, 
    "n_drop": 100, 
    "noise_level": 0.0009839695010660178, 
    "teacher_shift": 0.0, 
    "input_scaling": 0.1993711177800921, 
    "input_shift": 0.0, 
    "embedding": "identity", 
    "connectivity": 0.25, 
    "embedding_parameters": null, 
    "teacher_scaling": 0.8049425344243984, 
    "regression_parameters": [
        0.06125171918395198, 
        0.09422330360607598
    ], 
    "spectral_radius": 1.1269202767535622, 
    "feedback_scaling": 0.4628181050608566
}