{
    "n_dim": null, 
    "regression_method": "enet", 
    "n_internal_units": 149, 
    "n_drop": 100, 
    "noise_level": 0.0725005320131822, 
    "teacher_shift": 0.0, 
    "input_scaling": 0.17241509592420848, 
    "input_shift": 0.0, 
    "embedding": "identity", 
    "connectivity": 0.25, 
    "embedding_parameters": null, 
    "teacher_scaling": 0.3278951058531388, 
    "regression_parameters": [
        0.2938754635575134, 
        0.23209727081392229
    ], 
    "spectral_radius": 0.9304519047092112, 
    "feedback_scaling": 0.22093479533400445
}