{
    "n_dim": null, 
    "regression_method": "enet", 
    "n_internal_units": 299, 
    "n_drop": 100, 
    "noise_level": 0.08528705714272387, 
    "teacher_shift": 0.0, 
    "input_scaling": 0.48959863514324, 
    "input_shift": 0.0, 
    "embedding": "identity", 
    "connectivity": 0.25, 
    "embedding_parameters": null, 
    "teacher_scaling": 0.2739084968557937, 
    "regression_parameters": [
        0.922323944143821, 
        0.8342411624721272
    ], 
    "spectral_radius": 1.3907847777063913, 
    "feedback_scaling": 0.23792415882300855
}