{
    "n_dim": null, 
    "regression_method": "enet", 
    "n_internal_units": 217, 
    "n_drop": 100, 
    "noise_level": 9.229240566700493e-05, 
    "teacher_shift": 0.0, 
    "input_scaling": 0.43526782215260285, 
    "input_shift": 0.0, 
    "embedding": "identity", 
    "connectivity": 0.25, 
    "embedding_parameters": null, 
    "teacher_scaling": 0.5681029339787416, 
    "regression_parameters": [
        0.07658181493939108, 
        0.6834127735316254
    ], 
    "spectral_radius": 1.0520485024724038, 
    "feedback_scaling": 0.5942720907130529
}