{
    "n_dim": null, 
    "regression_method": "enet", 
    "n_internal_units": 157, 
    "n_drop": 100, 
    "noise_level": 0.011171145289014217, 
    "teacher_shift": 0.0, 
    "input_scaling": 0.6700367528082369, 
    "input_shift": 0.0, 
    "embedding": "identity", 
    "connectivity": 0.25, 
    "embedding_parameters": null, 
    "teacher_scaling": 0.8548077966122801, 
    "regression_parameters": [
        0.0359814988857572, 
        0.31890160978070703
    ], 
    "spectral_radius": 1.3365962587919404, 
    "feedback_scaling": 0.13137202149699964
}