{
    "n_dim": null, 
    "regression_method": "enet", 
    "n_internal_units": 462, 
    "n_drop": 100, 
    "noise_level": 0.0846769988604425, 
    "teacher_shift": 0.0, 
    "input_scaling": 0.34367754831927144, 
    "input_shift": 0.0, 
    "embedding": "identity", 
    "connectivity": 0.25, 
    "embedding_parameters": null, 
    "teacher_scaling": 0.5354913754388685, 
    "regression_parameters": [
        0.026380389377491174, 
        0.0321481187093393
    ], 
    "spectral_radius": 1.2832984824633402, 
    "feedback_scaling": 0.076919552419901
}