,Average,CrossValidation,GA,NaiveBaggingRegression,ArBaggingRegression,ArmaBaggingRegression,ArimaBaggingRegression,EtsBaggingRegression,esn,NaiveGBM,ArGBM,ArmaGBM,ArimaGBM,EtsGBM,AverageGBM
cran,6265.833333333334,6433.125,6013.375000000001,6518.291666666667,6387.5,6433.125,5976.875,6515.250000000001,5797.416666666666,11479.25,10508.958333333334,10533.291666666668,9614.708333333332,11089.916666666666,10189.583333333334
edgar,8604.875,9231.458333333334,8650.5,9243.625,10180.458333333332,9897.583333333334,8708.291666666668,8364.583333333334,8306.791666666666,10162.208333333332,11965.916666666666,10913.5,10143.958333333334,10493.75,9666.416666666668
kyoto,10244.333333333334,10119.625,10585.0,10588.041666666666,9718.125,9398.75,9490.0,9417.0,5852.166666666667,7175.291666666667,6205.0,6208.041666666666,6758.583333333333,6871.125,6503.083333333333
total,8371.680555555557,8594.736111111111,8416.291666666666,8783.319444444445,8762.027777777777,8576.486111111111,8058.38888888889,8098.944444444445,6652.125,9605.583333333334,9559.958333333334,9218.27777777778,8839.083333333332,9484.930555555555,8786.361111111111
