,Average,CrossValidation,GBM,GA,NaiveBaggingRegression,ArBaggingRegression,ArmaBaggingRegression,ArimaBaggingRegression,EtsBaggingRegression,esn
cran,6265.833333333334,6433.125,21343.375,6013.375000000001,6518.291666666667,6387.5,6433.125,5976.875,6515.250000000001,5797.416666666666
edgar,8604.875,9231.458333333334,13657.083333333332,8650.5,9243.625,10180.458333333332,9897.583333333334,8708.291666666668,8364.583333333334,8306.791666666666
kyoto,10244.333333333334,10119.625,38717.375,10585.0,10588.041666666666,9718.125,9398.75,9490.0,9417.0,5852.166666666667
total,8371.680555555557,8594.736111111111,24572.61111111111,8416.291666666666,8783.319444444445,8762.027777777777,8576.486111111111,8058.38888888889,8098.944444444445,6652.125
