,Average,CrossValidation,GA,NaiveBaggingRegression,ArBaggingRegression,ArmaBaggingRegression,ArimaBaggingRegression,EtsBaggingRegression,esn,NaiveGBM,ArGBM,ArmaGBM,ArimaGBM,EtsGBM
cran,6265.833333333334,6433.125,6013.375000000001,6518.291666666667,6387.5,6433.125,5976.875,6515.250000000001,5797.416666666666,27700.458333333332,27025.208333333336,26727.124999999996,27758.25,28165.833333333336
edgar,8604.875,9231.458333333334,8650.5,9243.625,10180.458333333332,9897.583333333334,8708.291666666668,8364.583333333334,8306.791666666666,13666.208333333334,15095.791666666668,14034.250000000002,13307.291666666668,13152.166666666666
kyoto,10244.333333333334,10119.625,10585.0,10588.041666666666,9718.125,9398.75,9490.0,9417.0,5852.166666666667,8084.749999999999,6740.333333333333,6752.5,6767.708333333334,7084.041666666667
total,8371.680555555557,8594.736111111111,8416.291666666666,8783.319444444445,8762.027777777777,8576.486111111111,8058.38888888889,8098.944444444445,6652.125,16483.805555555555,16287.111111111111,15837.958333333334,15944.41666666667,16134.013888888889
