,naive,ar,arma,arima,ets,Average,CrossValidation,GA,NaiveBaggingRegression,ArBaggingRegression,ArmaBaggingRegression,ArimaBaggingRegression,EtsBaggingRegression,NaiveGBM,ArGBM,ArmaGBM,ArimaGBM,EtsGBM,esn
cran,24416.979166666664,24143.229166666664,24226.875,23436.041666666664,22325.833333333332,23451.25,24143.229166666664,22485.520833333332,24477.8125,23915.104166666664,24158.4375,22432.291666666668,24432.1875,42758.229166666664,39564.479166666664,39678.541666666664,35861.25,41670.833333333336,21793.541666666668
edgar,34659.791666666664,35701.5625,33648.4375,31420.416666666664,31823.4375,32340.520833333336,34659.791666666664,32485.0,34705.416666666664,38241.354166666664,37184.375,32720.729166666664,31405.208333333336,38218.541666666664,44902.604166666664,40971.25,38089.270833333336,39404.791666666664,31207.5
kyoto,39602.5,38712.8125,42781.041666666664,38203.333333333336,40020.729166666664,38484.6875,38203.333333333336,38758.4375,39617.708333333336,36826.979166666664,35290.9375,35785.208333333336,35397.395833333336,26926.354166666664,23816.25,23823.854166666664,25207.8125,26059.479166666664,21649.0625
total,32893.090277777774,32852.53472222222,33552.118055555555,31019.93055555555,31390.0,31425.486111111113,32335.451388888887,31242.98611111111,32933.645833333336,32994.479166666664,32211.25,30312.74305555555,30411.597222222223,35967.708333333336,36094.444444444445,34824.5486111111,33052.77777777778,35711.70138888888,24883.36805555556
