Average,CrossValidation,GBM,GA,NaiveBaggingRegression,ArBaggingRegression,ArmaBaggingRegression,ArimaBaggingRegression,EtsBaggingRegression,esn
86.09583333333333,88.31666666666666,378.25,82.6625,89.95416666666667,87.99166666666666,88.58333333333333,82.21666666666667,89.80833333333334,80.02083333333333
7.931862805099658,8.239455656668737,32.88475577659139,7.495439786157889,8.332808772686276,8.14893510103906,8.202832710574073,7.904234713076957,8.31851054110451,7.340508409349919
101.98559947365118,104.16189322396171,416.8719427674003,103.34164617100568,106.81820615731509,106.56977370092642,107.44921280927717,97.444727923064164,106.63856400633559,99.945631053421579
0.44707731579652132,0.4566175996532138,1.8274539755142749,0.45302185816992396,0.46826215792701237,0.46717309715439143,0.47102832061728361,0.42717136167465802,0.46747465526900644,0.43813464535743107
