Average,CrossValidation,GBM,GA,NaiveBaggingRegression,ArBaggingRegression,ArmaBaggingRegression,ArimaBaggingRegression,EtsBaggingRegression,esn
86.09583333333333,88.31666666666666,378.25,82.6625,89.95416666666667,87.99166666666666,88.58333333333333,82.21666666666667,89.80833333333334,80.02083333333333
7.931862805099658,8.239455656668737,32.88475577659139,7.495439786157889,8.332808772686276,8.14893510103906,8.202832710574073,7.904234713076957,8.31851054110451,7.340508409349919
101.985599474,104.161893224,416.871942767,103.341646171,106.818206157,106.569773701,107.449212809,97.4447279231,106.638564006,99.9456310534
0.447077315797,0.456617599653,1.82745397551,0.45302185817,0.468262157927,0.467173097154,0.471028320617,0.427171361675,0.467474655269,0.438134645357
"[1075, 985, 2060, 3132.916666666667]","[1171, 939, 2110, 3208.958333333333]","[9043, 0, 9043, 13752.895833333334]","[982, 994, 1976, 3005.1666666666665]","[1068, 1072, 2140, 3254.583333333333]","[1300, 803, 2103, 3198.3124999999995]","[1334, 793, 2127, 3234.8125000000005]","[968, 1002, 1970, 2996.041666666667]","[1063, 1081, 2144, 3260.666666666667]","[1337, 581, 1918, 2916.958333333333]"
"[532, 492, 1024, 1557.3333333333333]","[584, 476, 1060, 1612.0833333333335]","[4532, 0, 4532, 6892.416666666666]","[487, 493, 980, 1490.4166666666665]","[537, 539, 1076, 1636.4166666666667]","[645, 400, 1045, 1589.2708333333335]","[663, 399, 1062, 1615.125]","[482, 503, 985, 1498.0208333333335]","[529, 542, 1071, 1628.8125000000002]","[670, 290, 960, 1460.0]"
