Average,CrossValidation,GBM,GA,NaiveBaggingRegression,ArBaggingRegression,ArmaBaggingRegression,ArimaBaggingRegression,EtsBaggingRegression,esn
86.09583333333333,88.31666666666666,324.3625,82.6625,89.95416666666667,87.99166666666666,88.58333333333333,82.21666666666667,89.80833333333334,80.02083333333333
7.931862805099658,8.239455656668737,28.0329457562288,7.495439786157889,8.332808772686276,8.14893510103906,8.202832710574073,7.904234713076957,8.31851054110451,7.340508409349919
101.985599474,104.161893224,361.549195592,103.341646171,106.818206157,106.569773701,107.449212809,97.4447279231,106.638564006,99.9456310534
0.447077315797,0.456617599653,1.58493399782,0.45302185817,0.468262157927,0.467173097154,0.471028320617,0.427171361675,0.467474655269,0.438134645357
