Average,CrossValidation,GBM,GA,NaiveBaggingRegression,ArBaggingRegression,ArmaBaggingRegression,ArimaBaggingRegression,EtsBaggingRegression,esn
118.025,126.44166666666666,189.93333333333334,118.725,126.62916666666666,139.45416666666668,135.28333333333333,119.3375,114.8125,113.64166666666667
18.558023479530586,19.478993312526413,33.110608234820624,18.304859445795405,19.502401552226782,23.488707509856013,22.766578080718503,18.539664882968115,17.819774254529573,17.820320931288173
154.970669268,166.16838849,222.634116882,157.879014861,166.202800317,177.687354174,172.290839377,153.546586307,148.748963582,149.547177617
0.840208039427,0.900918971102,1.20706050854,0.855976283572,0.901105542498,0.963371612104,0.934113203797,0.832487056109,0.806475674709,0.810803370092
