Average,CrossValidation,GBM,GA,NaiveBaggingRegression,ArBaggingRegression,ArmaBaggingRegression,ArimaBaggingRegression,EtsBaggingRegression,esn
118.025,126.44166666666666,189.93333333333334,118.725,126.62916666666666,139.45416666666668,135.28333333333333,119.3375,114.8125,113.64166666666667
18.558023479530586,19.478993312526413,33.110608234820624,18.304859445795405,19.502401552226782,23.488707509856013,22.766578080718503,18.539664882968115,17.819774254529573,17.820320931288173
154.97066926787576,166.16838848990903,222.63411688238619,157.87901486053596,166.20280031736328,177.68735417393478,172.29083937729635,153.54658630743526,148.74896358182355,149.54717761741054
0.84020803942710975,0.90091897110242469,1.207060508540448,0.85597628357246847,0.90110554249825736,0.96337161210427691,0.93411320379744212,0.8324870561092601,0.80647567470889103,0.81080337009184422
