Average,CrossValidation,GBM,GA,NaiveBaggingRegression,ArBaggingRegression,ArmaBaggingRegression,ArimaBaggingRegression,EtsBaggingRegression,esn
118.025,126.44166666666666,189.93333333333334,118.725,126.62916666666666,139.45416666666668,135.28333333333333,119.3375,114.8125,113.64166666666667
18.558023479530586,19.478993312526413,33.110608234820624,18.304859445795405,19.502401552226782,23.488707509856013,22.766578080718503,18.539664882968115,17.819774254529573,17.820320931288173
154.970669268,166.16838849,222.634116882,157.879014861,166.202800317,177.687354174,172.290839377,153.546586307,148.748963582,149.547177617
0.840208039427,0.900918971102,1.20706050854,0.855976283572,0.901105542498,0.963371612104,0.934113203797,0.832487056109,0.806475674709,0.810803370092
"[1163, 1674, 2837, 4314.604166666666]","[1492, 1547, 3039, 4621.8125]","[314, 4254, 4568, 6947.166666666667]","[1342, 1512, 2854, 4340.458333333334]","[1492, 1551, 3043, 4627.895833333334]","[604, 2748, 3352, 5097.833333333333]","[613, 2633, 3246, 4936.625]","[1341, 1520, 2861, 4351.104166666666]","[1273, 1485, 2758, 4194.458333333334]","[1172, 1560, 2732, 4154.916666666666]"
"[585, 839, 1424, 2165.666666666667]","[748, 775, 1523, 2316.2291666666665]","[160, 2103, 2263, 3441.6458333333335]","[671, 757, 1428, 2171.75]","[748, 777, 1525, 2319.2708333333335]","[302, 1380, 1682, 2558.041666666667]","[311, 1325, 1636, 2488.083333333333]","[672, 768, 1440, 2190.0]","[635, 745, 1380, 2098.75]","[588, 785, 1373, 2088.1041666666665]"
