Average,CrossValidation,GBM,GA,NaiveBaggingRegression,ArBaggingRegression,ArmaBaggingRegression,ArimaBaggingRegression,EtsBaggingRegression,esn
140.3625,140.0,98.78333333333333,145.09583333333333,145.14166666666668,133.47916666666666,129.97083333333333,130.97083333333333,129.4875,79.20833333333333
43.00671851961397,43.316014657326534,25.23540688358902,41.61278627281256,41.62969894193927,40.38550075425198,38.988406948423936,39.28975570044487,38.49983562013134,16.059197517142486
240.72343224815762,231.94460545569927,230.85357913621351,331.28816132384407,331.28892224159864,231.74282621043525,230.76913969015297,231.58086240735292,232.51970346617941,237.11739356979558
1.0446243121804832,1.006528411776531,1.0017938805016997,1.4376318267998867,1.4376351288182179,1.0056527865690981,1.0014274537793897,1.0049499412963596,1.0090240614855084,1.0289758327661616
