Average,CrossValidation,GBM,GA,NaiveBaggingRegression,ArBaggingRegression,ArmaBaggingRegression,ArimaBaggingRegression,EtsBaggingRegression,esn
140.3625,140.0,98.78333333333333,145.09583333333333,145.14166666666668,133.47916666666666,129.97083333333333,130.97083333333333,129.4875,79.20833333333333
43.00671851961397,43.316014657326534,25.23540688358902,41.61278627281256,41.62969894193927,40.38550075425198,38.988406948423936,39.28975570044487,38.49983562013134,16.059197517142486
240.723432248,231.944605456,230.853579136,331.288161324,331.288922242,231.74282621,230.76913969,231.580862407,232.519703466,237.11739357
1.04462431218,1.00652841178,1.0017938805,1.4376318268,1.43763512882,1.00565278657,1.00142745378,1.0049499413,1.00902406149,1.02897583277
"[1323, 2035, 3358, 5106.958333333334]","[1300, 2012, 3312, 5037.0]","[1423, 913, 2336, 3552.6666666666665]","[1743, 1743, 3486, 5301.625]","[1743, 1744, 3487, 5303.145833333333]","[1320, 1860, 3180, 4836.25]","[1324, 1753, 3077, 4679.604166666666]","[1326, 1813, 3139, 4773.895833333334]","[1335, 1747, 3082, 4687.208333333333]","[1623, 307, 1930, 2935.208333333333]"
"[662, 1031, 1693, 2574.770833333333]","[648, 1049, 1697, 2580.854166666667]","[713, 462, 1175, 1786.9791666666665]","[864, 864, 1728, 2628.0]","[864, 865, 1729, 2629.5208333333335]","[655, 993, 1648, 2506.333333333333]","[661, 890, 1551, 2358.8125]","[661, 925, 1586, 2412.0416666666665]","[668, 891, 1559, 2370.979166666667]","[760, 163, 923, 1403.7291666666665]"
