Average,CrossValidation,GBM,GA,NaiveBaggingRegression,ArBaggingRegression,ArmaBaggingRegression,ArimaBaggingRegression,EtsBaggingRegression,esn
140.3625,140.0,98.78333333333333,145.09583333333333,145.14166666666668,133.47916666666666,129.97083333333333,130.97083333333333,129.4875,79.20833333333333
43.00671851961397,43.316014657326534,25.23540688358902,41.61278627281256,41.62969894193927,40.38550075425198,38.988406948423936,39.28975570044487,38.49983562013134,16.059197517142486
240.723432248,231.944605456,230.853579136,331.288161324,331.288922242,231.74282621,230.76913969,231.580862407,232.519703466,237.11739357
1.04462431218,1.00652841178,1.0017938805,1.4376318268,1.43763512882,1.00565278657,1.00142745378,1.0049499413,1.00902406149,1.02897583277
